-- MySQL dump 10.13  Distrib 5.7.17, for Win64 (x86_64)
--
-- Host: 127.0.0.1    Database: bancotesteawq
-- ------------------------------------------------------
-- Server version	5.7.18-log

/*!40101 SET @OLD_CHARACTER_SET_CLIENT=@@CHARACTER_SET_CLIENT */;
/*!40101 SET @OLD_CHARACTER_SET_RESULTS=@@CHARACTER_SET_RESULTS */;
/*!40101 SET @OLD_COLLATION_CONNECTION=@@COLLATION_CONNECTION */;
/*!40101 SET NAMES utf8 */;
/*!40103 SET @OLD_TIME_ZONE=@@TIME_ZONE */;
/*!40103 SET TIME_ZONE='+00:00' */;
/*!40014 SET @OLD_UNIQUE_CHECKS=@@UNIQUE_CHECKS, UNIQUE_CHECKS=0 */;
/*!40014 SET @OLD_FOREIGN_KEY_CHECKS=@@FOREIGN_KEY_CHECKS, FOREIGN_KEY_CHECKS=0 */;
/*!40101 SET @OLD_SQL_MODE=@@SQL_MODE, SQL_MODE='NO_AUTO_VALUE_ON_ZERO' */;
/*!40111 SET @OLD_SQL_NOTES=@@SQL_NOTES, SQL_NOTES=0 */;

--
-- Table structure for table `tb_acessorios`
--

DROP TABLE IF EXISTS `tb_acessorios`;
/*!40101 SET @saved_cs_client     = @@character_set_client */;
/*!40101 SET character_set_client = utf8 */;
CREATE TABLE `tb_acessorios` (
  `idacessorios_int` int(11) NOT NULL AUTO_INCREMENT,
  `acessorio_str` varchar(45) NOT NULL,
  `cadastradopor_str` varchar(50) NOT NULL,
  `datacadastro_dt` datetime NOT NULL,
  `alteradopor_str` varchar(50) NOT NULL,
  `dataalteracao_dt` datetime NOT NULL,
  `exibir_bool` tinyint(1) NOT NULL DEFAULT '1',
  PRIMARY KEY (`idacessorios_int`),
  UNIQUE KEY `acessorio_str_UNIQUE` (`acessorio_str`)
) ENGINE=InnoDB AUTO_INCREMENT=29 DEFAULT CHARSET=utf8;
/*!40101 SET character_set_client = @saved_cs_client */;

--
-- Dumping data for table `tb_acessorios`
--

LOCK TABLES `tb_acessorios` WRITE;
/*!40000 ALTER TABLE `tb_acessorios` DISABLE KEYS */;
INSERT INTO `tb_acessorios` VALUES (1,'MANILHA','ADRIANO','2018-05-29 09:31:26','ADRIANO','2018-05-29 09:31:26',1),(2,'OLHAL','ADRIANO','2018-05-29 09:33:12','ADRIANO','2018-05-29 09:33:12',1),(3,'LINGA','ADRIANO','2018-05-29 09:33:23','ADRIANO','2018-05-29 09:33:23',1),(4,'LAÇO DE CABO DE AÇO','ADRIANO','2018-05-29 09:33:35','ADRIANO','2018-05-29 09:33:35',1),(5,'PEGA-CHAPA','ADRIANO','2018-05-29 09:33:46','ADRIANO','2018-05-29 09:33:46',1),(6,'CINTA','ADRIANO','2018-05-29 09:36:00','ADRIANO','2018-05-29 09:36:00',1),(7,'BALANCIM','ADRIANO','2018-05-29 09:36:08','ADRIANO','2018-05-29 09:36:08',1),(8,'CORRENTE','ADRIANO','2018-05-29 13:28:18','ADRIANO','2018-05-29 13:28:18',1),(9,'GANCHO','ADRIANO','2018-05-29 13:28:22','ADRIANO','2018-05-29 13:28:22',1),(10,'LINGA DE CABO DE AÇO','ADRIANO','2018-05-29 13:29:12','ADRIANO','2018-05-29 13:29:12',1),(11,'LINGA DE CORRENTE','ADRIANO','2018-05-29 13:29:21','ADRIANO','2018-05-29 13:29:21',1),(12,'LINGA DE CINTA','ADRIANO','2018-05-29 13:29:29','ADRIANO','2018-05-29 13:29:29',1),(13,'MAGNÉTICO','ADRIANO','2018-05-29 13:29:39','ADRIANO','2018-05-29 13:29:39',1),(14,'CABO','WILDES','2018-06-09 14:36:58','WILDES','2018-06-09 14:36:58',0),(15,'SEPARADOR','WILDES','2018-06-09 14:38:26','WILDES','2018-06-09 14:38:26',1),(16,'OUTROS','WILDES','2018-06-09 14:40:20','WILDES','2018-06-09 14:40:20',1),(17,'A','MASTER','2018-08-15 09:36:32','MASTER','2018-08-15 09:36:32',1),(18,'B','MASTER','2018-08-15 09:36:34','MASTER','2018-08-15 09:36:34',1),(19,'C','MASTER','2018-08-15 09:36:35','MASTER','2018-08-15 09:36:35',1),(20,'D','MASTER','2018-08-15 09:36:36','MASTER','2018-08-15 09:36:36',1),(21,'E','MASTER','2018-08-15 09:36:37','MASTER','2018-08-15 09:36:37',1),(22,'F','MASTER','2018-08-15 09:36:38','MASTER','2018-08-15 09:36:38',1),(23,'G','MASTER','2018-08-15 09:36:39','MASTER','2018-08-15 09:36:39',1),(24,'H','MASTER','2018-08-15 09:36:41','MASTER','2018-08-15 09:36:41',1),(25,'I','MASTER','2018-08-15 09:36:43','MASTER','2018-08-15 09:36:43',1),(26,'J','MASTER','2018-08-15 09:36:44','MASTER','2018-08-15 09:36:44',1),(27,'K','MASTER','2018-08-15 09:36:50','MASTER','2018-08-15 09:36:50',1),(28,'L','MASTER','2018-08-15 09:36:51','MASTER','2018-08-15 09:36:51',1);
/*!40000 ALTER TABLE `tb_acessorios` ENABLE KEYS */;
UNLOCK TABLES;

--
-- Table structure for table `tb_clientes`
--

DROP TABLE IF EXISTS `tb_clientes`;
/*!40101 SET @saved_cs_client     = @@character_set_client */;
/*!40101 SET character_set_client = utf8 */;
CREATE TABLE `tb_clientes` (
  `idcliente_int` int(11) NOT NULL AUTO_INCREMENT,
  `cliente_str` varchar(45) NOT NULL,
  `caminhologotipocliente_str` varchar(4) DEFAULT 'NULO',
  `cnpj_str` varchar(14) NOT NULL,
  `telefone_str` varchar(20) DEFAULT NULL,
  `nome_str` varchar(30) NOT NULL,
  `senha_str` varchar(70) NOT NULL,
  `lembreteemail_bool` tinyint(1) NOT NULL DEFAULT '0',
  `destinatarios_str` varchar(1000) DEFAULT 'N.A.',
  `comcopia_str` varchar(1000) DEFAULT 'N.A.',
  `cadastradopor_str` varchar(50) NOT NULL,
  `datacadastro_dt` datetime NOT NULL,
  `alteradopor_str` varchar(50) NOT NULL,
  `dataalteracao_dt` datetime NOT NULL,
  `exibir_bool` tinyint(1) NOT NULL DEFAULT '1',
  PRIMARY KEY (`idcliente_int`),
  UNIQUE KEY `nome_str_UNIQUE` (`nome_str`)
) ENGINE=InnoDB AUTO_INCREMENT=7 DEFAULT CHARSET=utf8;
/*!40101 SET character_set_client = @saved_cs_client */;

--
-- Dumping data for table `tb_clientes`
--

LOCK TABLES `tb_clientes` WRITE;
/*!40000 ALTER TABLE `tb_clientes` DISABLE KEYS */;
INSERT INTO `tb_clientes` VALUES (4,'TESTE INDUSTRIAL SA','NULO','23241758000117','','TESTE','356A192B7913B04C54574D18C28D46E6395428AB',1,'GELSONVENTURAGOMES@GMAIL.COM , GVENTURASISTEMAS@GMAIL.COM','ARTYCAROL4@GMAIL.COM,GELSON_VENTURA@YAHOO.COM.BR','MASTER','2018-08-20 09:17:21','master','2019-02-02 20:18:38',1),(5,'BRENDA FERRAGENS LTDA','NULO','93950541000161','','BRENDA','356A192B7913B04C54574D18C28D46E6395428AB',1,'GELSONVENTURA@YAHOO.COM.BR','ARTYCAROL4@GMAIL.COM,GELSON_VENTURA@YAHOO.COM.BR','MASTER','2018-08-23 13:06:45','master','2019-02-03 20:54:27',1),(6,'EMPRESA T','NULO','77279676000190','','T','356A192B7913B04C54574D18C28D46E6395428AB',0,NULL,NULL,'MASTER','2019-01-26 18:58:08','master','2019-02-02 14:05:35',1);
/*!40000 ALTER TABLE `tb_clientes` ENABLE KEYS */;
UNLOCK TABLES;

--
-- Table structure for table `tb_inspetor`
--

DROP TABLE IF EXISTS `tb_inspetor`;
/*!40101 SET @saved_cs_client     = @@character_set_client */;
/*!40101 SET character_set_client = utf8 */;
CREATE TABLE `tb_inspetor` (
  `idinspetor_int` int(11) NOT NULL AUTO_INCREMENT,
  `nome_str` varchar(100) NOT NULL,
  `cpf_str` varchar(11) NOT NULL,
  `rg_str` varchar(10) NOT NULL,
  `caminhoassinatura_str` varchar(150) NOT NULL,
  `cadastradopor_str` varchar(50) NOT NULL,
  `datacadastro_dt` datetime NOT NULL,
  `alteradopor_str` varchar(50) NOT NULL,
  `dataalteracao_dt` datetime NOT NULL,
  `exibir_bool` tinyint(1) NOT NULL DEFAULT '1',
  PRIMARY KEY (`idinspetor_int`),
  UNIQUE KEY `caminhoassinatura_str_UNIQUE` (`caminhoassinatura_str`),
  UNIQUE KEY `cpf_str_UNIQUE` (`cpf_str`),
  UNIQUE KEY `rg_str_UNIQUE` (`rg_str`)
) ENGINE=InnoDB AUTO_INCREMENT=6 DEFAULT CHARSET=utf8;
/*!40101 SET character_set_client = @saved_cs_client */;

--
-- Dumping data for table `tb_inspetor`
--

LOCK TABLES `tb_inspetor` WRITE;
/*!40000 ALTER TABLE `tb_inspetor` DISABLE KEYS */;
INSERT INTO `tb_inspetor` VALUES (4,'STEVE JOBS ANTUNES','50193241080','183006422','ASSINATURAS/06.JPG','MASTER','2018-08-15 09:26:31','MASTER','2018-08-15 09:59:54',1),(5,'PAULO','02262998051','128362777','ASSINATURAS/03.JPG','MASTER','2018-08-29 10:52:17','MASTER','2018-11-21 17:04:39',1);
/*!40000 ALTER TABLE `tb_inspetor` ENABLE KEYS */;
UNLOCK TABLES;

--
-- Table structure for table `tb_montaacessorios`
--

DROP TABLE IF EXISTS `tb_montaacessorios`;
/*!40101 SET @saved_cs_client     = @@character_set_client */;
/*!40101 SET character_set_client = utf8 */;
CREATE TABLE `tb_montaacessorios` (
  `idmontaacessorios_int` int(11) NOT NULL AUTO_INCREMENT,
  `idacessorios_int_fk` int(11) NOT NULL,
  `idnumeropedido_int_fk` int(11) NOT NULL,
  `cadastradopor_str` varchar(50) NOT NULL,
  `datacadastro_dt` datetime NOT NULL,
  `alteradopor_str` varchar(50) NOT NULL,
  `dataalteracao_dt` datetime NOT NULL,
  `exibir_bool` tinyint(1) NOT NULL DEFAULT '1',
  PRIMARY KEY (`idmontaacessorios_int`),
  KEY `idacessorios_int_fk_idx` (`idacessorios_int_fk`),
  KEY `idnumeropedido_int_fk_idx` (`idnumeropedido_int_fk`),
  CONSTRAINT `idacessorios_int_fk` FOREIGN KEY (`idacessorios_int_fk`) REFERENCES `tb_acessorios` (`idacessorios_int`) ON DELETE NO ACTION ON UPDATE NO ACTION,
  CONSTRAINT `idnumeropedido_int_fk` FOREIGN KEY (`idnumeropedido_int_fk`) REFERENCES `tb_numeropedido` (`idnumeropedido_int`) ON DELETE NO ACTION ON UPDATE NO ACTION
) ENGINE=InnoDB AUTO_INCREMENT=65 DEFAULT CHARSET=utf8;
/*!40101 SET character_set_client = @saved_cs_client */;

--
-- Dumping data for table `tb_montaacessorios`
--

LOCK TABLES `tb_montaacessorios` WRITE;
/*!40000 ALTER TABLE `tb_montaacessorios` DISABLE KEYS */;
INSERT INTO `tb_montaacessorios` VALUES (51,17,61,'MASTER','2018-08-23 11:35:18','MASTER','2018-08-23 11:35:18',1),(52,18,61,'MASTER','2018-08-23 11:35:21','MASTER','2018-08-23 11:35:21',1),(53,9,61,'MASTER','2018-08-23 11:35:24','MASTER','2018-08-23 11:35:24',1),(54,4,61,'MASTER','2018-08-23 11:35:27','MASTER','2018-08-23 11:35:27',1),(55,10,62,'MASTER','2018-08-23 13:07:19','MASTER','2018-08-23 13:07:19',1),(56,8,62,'MASTER','2018-08-23 13:07:21','MASTER','2018-08-23 13:07:21',1),(57,7,63,'MASTER','2018-09-04 15:03:47','MASTER','2018-09-04 15:03:47',1),(58,6,63,'MASTER','2018-09-04 15:03:49','MASTER','2018-09-04 15:03:49',1),(59,8,63,'MASTER','2018-09-04 15:03:51','MASTER','2018-09-04 15:03:51',1),(60,3,63,'MASTER','2018-09-04 15:03:56','MASTER','2018-09-04 15:03:56',1),(61,7,64,'TESTE','2018-12-21 21:39:02','TESTE','2018-12-21 21:40:47',1),(63,8,64,'TESTE','2018-12-21 21:39:19','TESTE','2018-12-21 21:39:19',1),(64,9,64,'TESTE','2018-12-21 21:39:29','TESTE','2018-12-21 21:39:29',1);
/*!40000 ALTER TABLE `tb_montaacessorios` ENABLE KEYS */;
UNLOCK TABLES;

--
-- Table structure for table `tb_numerolaudo`
--

DROP TABLE IF EXISTS `tb_numerolaudo`;
/*!40101 SET @saved_cs_client     = @@character_set_client */;
/*!40101 SET character_set_client = utf8 */;
CREATE TABLE `tb_numerolaudo` (
  `idnumerolaudo_int` int(11) NOT NULL AUTO_INCREMENT,
  `laudo_str` varchar(15) NOT NULL,
  `sequencia_int` int(4) unsigned zerofill NOT NULL DEFAULT '0001',
  PRIMARY KEY (`idnumerolaudo_int`)
) ENGINE=InnoDB AUTO_INCREMENT=65 DEFAULT CHARSET=utf8;
/*!40101 SET character_set_client = @saved_cs_client */;

--
-- Dumping data for table `tb_numerolaudo`
--

LOCK TABLES `tb_numerolaudo` WRITE;
/*!40000 ALTER TABLE `tb_numerolaudo` DISABLE KEYS */;
INSERT INTO `tb_numerolaudo` VALUES (61,'F.000/18',0045),(62,'B.000/18',0054),(63,'B.001/18',0019),(64,'S.014.18.02.03',0042);
/*!40000 ALTER TABLE `tb_numerolaudo` ENABLE KEYS */;
UNLOCK TABLES;

--
-- Table structure for table `tb_numeropedido`
--

DROP TABLE IF EXISTS `tb_numeropedido`;
/*!40101 SET @saved_cs_client     = @@character_set_client */;
/*!40101 SET character_set_client = utf8 */;
CREATE TABLE `tb_numeropedido` (
  `idnumeropedido_int` int(11) NOT NULL AUTO_INCREMENT,
  `idcliente_int_fk` int(11) NOT NULL,
  `idinspetor_int_fk` int(11) NOT NULL,
  `idresponsaveltecnico_int_fk` int(11) NOT NULL,
  `cliente_str` varchar(45) NOT NULL,
  `inspetor_str` varchar(100) NOT NULL,
  `responsaveltecnico_str` varchar(100) NOT NULL,
  `numeropedido_str` varchar(35) NOT NULL,
  `numeroart_str` varchar(30) NOT NULL,
  `quantidadeacessorios_int` int(11) DEFAULT '0',
  `finalizado_bool` tinyint(1) NOT NULL DEFAULT '0',
  `cadastradopor_str` varchar(50) NOT NULL,
  `datacadastro_dt` datetime NOT NULL,
  `alteradopor_str` varchar(50) NOT NULL,
  `dataalteracao_dt` datetime NOT NULL,
  `exibir_bool` tinyint(1) NOT NULL DEFAULT '1',
  PRIMARY KEY (`idnumeropedido_int`),
  UNIQUE KEY `numeropedido_str_UNIQUE` (`numeropedido_str`),
  KEY `idcliente_int_fk_idx` (`idcliente_int_fk`),
  KEY `idinspetor_int_fk_idx` (`idinspetor_int_fk`),
  KEY `idresponsaveltecnico_int_fk_idx` (`idresponsaveltecnico_int_fk`),
  CONSTRAINT `idcliente_int_fk` FOREIGN KEY (`idcliente_int_fk`) REFERENCES `tb_clientes` (`idcliente_int`) ON DELETE NO ACTION ON UPDATE NO ACTION,
  CONSTRAINT `idinspetor_int_fk` FOREIGN KEY (`idinspetor_int_fk`) REFERENCES `tb_inspetor` (`idinspetor_int`) ON DELETE NO ACTION ON UPDATE NO ACTION,
  CONSTRAINT `idresponsaveltecnico_int_fk` FOREIGN KEY (`idresponsaveltecnico_int_fk`) REFERENCES `tb_responsaveltecnico` (`idresponsaveltecnico_int`) ON DELETE NO ACTION ON UPDATE NO ACTION
) ENGINE=InnoDB AUTO_INCREMENT=65 DEFAULT CHARSET=utf8;
/*!40101 SET character_set_client = @saved_cs_client */;

--
-- Dumping data for table `tb_numeropedido`
--

LOCK TABLES `tb_numeropedido` WRITE;
/*!40000 ALTER TABLE `tb_numeropedido` DISABLE KEYS */;
INSERT INTO `tb_numeropedido` VALUES (61,4,4,3,'TESTE INDUSTRIAL SA','STEVE JOBS ANTUNES','ENG° PEDRO SILVA','F.000/18','28027230181448787',4,0,'MASTER','2018-08-23 11:35:03','TESTE','2018-12-21 21:35:59',1),(62,5,4,3,'BRENDA FERRAGENS LTDA','STEVE JOBS ANTUNES','ENG° PEDRO SILVA','B.000/18','369852',2,0,'MASTER','2018-08-23 13:07:10','MASTER','2018-08-23 13:07:10',1),(63,5,5,3,'BRENDA FERRAGENS LTDA','INSPETOR-01','ENG° PEDRO SILVA','B.001/18','554141G14',4,0,'MASTER','2018-09-04 15:03:34','MASTER','2018-09-04 15:03:34',1),(64,4,5,3,'TESTE INDUSTRIAL SA','PAULO','ENG° PEDRO SILVA','S.014.18.02.03','28027230181448787',3,0,'TESTE','2018-12-21 21:38:32','TESTE','2018-12-21 21:38:32',1);
/*!40000 ALTER TABLE `tb_numeropedido` ENABLE KEYS */;
UNLOCK TABLES;

--
-- Table structure for table `tb_ordemservicoase`
--

DROP TABLE IF EXISTS `tb_ordemservicoase`;
/*!40101 SET @saved_cs_client     = @@character_set_client */;
/*!40101 SET character_set_client = utf8 */;
CREATE TABLE `tb_ordemservicoase` (
  `idordemservicoase_int` int(11) NOT NULL AUTO_INCREMENT,
  `idnumeropedido_int_fk` int(11) NOT NULL,
  `numeroart_str` varchar(100) NOT NULL,
  `acessorio_str` varchar(45) NOT NULL,
  `tag_str` varchar(50) NOT NULL,
  `fabricante_str` varchar(100) NOT NULL,
  `modelo_str` varchar(50) NOT NULL,
  `capacidade_str` varchar(50) NOT NULL,
  `dimensoes_str` varchar(50) NOT NULL,
  `demaisinformacoesacessorio_str` varchar(400) DEFAULT NULL,
  `laudo_str` varchar(45) NOT NULL,
  `empresa_str` varchar(100) NOT NULL,
  `cnpj_str` varchar(14) NOT NULL,
  `contato_str` varchar(50) DEFAULT NULL,
  `setor_str` varchar(50) NOT NULL,
  `telefone_str` varchar(20) DEFAULT NULL,
  `demaisinformacoesempresa_str` varchar(400) DEFAULT NULL,
  `metodologiainspecao_long` longtext NOT NULL,
  `datametodologiainspecao_dt` datetime NOT NULL,
  `certificadofabricante_str` varchar(50) DEFAULT NULL,
  `registroinspecao_str` varchar(50) NOT NULL,
  `registroreparo_str` varchar(50) NOT NULL,
  `caminhoevidenciafotograficaum_str` varchar(200) NOT NULL,
  `caminhoevidenciafotograficadois_str` varchar(200) NOT NULL,
  `caminhoevidenciafotograficatres_str` varchar(200) NOT NULL,
  `caminhoevidenciafotograficaquatro_str` varchar(200) NOT NULL,
  `conclusaotecnica_str` varchar(50) NOT NULL,
  `recomendacoes_long` longtext,
  `nomeinspetor_str` varchar(100) NOT NULL,
  `numerodocumentoinspetor_str` varchar(25) NOT NULL,
  `caminhoassinaturainspetor_str` varchar(150) NOT NULL,
  `nomeresponsaveltecnico_str` varchar(100) NOT NULL,
  `caminhoassinaturaresponsaveltecnico_str` varchar(150) NOT NULL,
  `crea_str` varchar(50) NOT NULL,
  `pdfgerado_bool` tinyint(1) NOT NULL DEFAULT '0',
  `cadastradopor_str` varchar(50) NOT NULL,
  `datacadastro_dt` datetime NOT NULL,
  `alteradopor_str` varchar(50) NOT NULL,
  `dataalteracao_dt` datetime NOT NULL,
  `exibir_bool` tinyint(1) NOT NULL DEFAULT '1',
  PRIMARY KEY (`idordemservicoase_int`)
) ENGINE=InnoDB AUTO_INCREMENT=45 DEFAULT CHARSET=utf8;
/*!40101 SET character_set_client = @saved_cs_client */;

--
-- Dumping data for table `tb_ordemservicoase`
--

LOCK TABLES `tb_ordemservicoase` WRITE;
/*!40000 ALTER TABLE `tb_ordemservicoase` DISABLE KEYS */;
INSERT INTO `tb_ordemservicoase` VALUES (1,64,'28027230181448787','GANCHO','TESTE TAG','TESTE FABRICACAO','TESTE MODELO','TESTE CAPACIDADE','TESTE DIMENSAO','NÃO É POSSÍVEL','S.014.18.02.03-0022','TESTE INDUSTRIAL SA','23241758000117','TESTE CONTATO','MANUTENÇÃO','13997421148','OBS02','VISUAL SENSITIVA / DIMENSIONAL','2018-12-28 21:55:09','TESTE CERT FAB','TESTE REG INSP','REG RESP','EVIDENCIASFOTOGRAFICAS/28542018_085415_15460376540332611791933665147309.JPG','EVIDENCIASFOTOGRAFICAS/28542018_085424_15460376630666239323534179654655.JPG','EVIDENCIASFOTOGRAFICAS/28542018_085434_15460376726831937499947169304711.JPG','EVIDENCIASFOTOGRAFICAS/28542018_085439_15460376778413527287861063855762.JPG','REPROVADO','VERIFICAR A ESHHJ','PAULO','02262998051','ASSINATURAS/03.JPG','ENG° PEDRO SILVA','ASSINATURAS/07.PNG','123456789',1,'TESTE','2018-01-02 07:00:16','TESTE','2018-01-02 07:00:16',1),(2,64,'28027230181448787','BALANCIM','TESTE TAG','TESTE FABRICACAO','TESTE MODELO','TESTE CAPACIDADE','TESTE DIMENSAO','NÃO É POSSÍVEL','S.014.18.02.03-0023','TESTE INDUSTRIAL SA','23241758000117','TESTE CONTATO','MANUTENÇÃO','13997421148','OBS02','VISUAL SENSITIVA / DIMENSIONAL','2018-12-28 21:56:36','TESTE CERT FAB','TESTE REG INSP','REG RESP','EVIDENCIASFOTOGRAFICAS/28582018_085851_15460379305052929153691884257677.JPG','EVIDENCIASFOTOGRAFICAS/28582018_085857_15460379363283727536975473015500.JPG','EVIDENCIASFOTOGRAFICAS/28592018_085903_15460379424311427824946434297469.JPG','EVIDENCIASFOTOGRAFICAS/28592018_085908_15460379470977811049268386048804.JPG','APROVADO 3 MESES','VERIFICAR A','PAULO','02262998051','ASSINATURAS/03.JPG','ENG° PEDRO SILVA','ASSINATURAS/07.PNG','123456789',1,'TESTE','2018-01-02 07:00:16','TESTE','2018-01-02 07:00:16',1),(3,64,'28027230181448787','BALANCIM','TESTE TAG','TESTE FABRICACAO','TESTE MODELO','TESTE CAPACIDADE','TESTE DIMENSAO','NÃO É POSSÍVEL','S.014.18.02.03-0024','TESTE INDUSTRIAL SA','23241758000117','TESTE CONTATO','MANUTENÇÃO','13997421148','OBS02','VISUAL SENSITIVA / DIMENSIONAL','2018-12-31 13:11:28','TESTE CERT FAB','TESTE REG INSP','REG RESP','EVIDENCIASFOTOGRAFICAS/28042018_100457_15460418959796861998325223914291.JPG','EVIDENCIASFOTOGRAFICAS/28052018_100504_15460419030586028908173519432868.JPG','EVIDENCIASFOTOGRAFICAS/28052018_100510_15460419090611693878882267443078.JPG','EVIDENCIASFOTOGRAFICAS/28052018_100520_1546041918880504237009997109897.JPG','APROVADO 3 MESES','VERIFICAR A','PAULO','02262998051','ASSINATURAS/03.JPG','ENG° PEDRO SILVA','ASSINATURAS/07.PNG','123456789',1,'TESTE','2018-01-02 07:00:16','TESTE','2018-01-02 07:00:16',1),(4,64,'28027230181448787','BALANCIM','TESTE TAG','TESTE FABRICACAO','TESTE MODELO','TESTE CAPACIDADE','TESTE DIMENSAO','NÃO É POSSÍVEL','S.014.18.02.03-0025','TESTE INDUSTRIAL SA','23241758000117','TESTE CONTATO','MANUTENÇÃO','13997421148','OBS02','VISUAL SENSITIVA / DIMENSIONAL','2018-12-31 13:13:14','TESTE CERT FAB','TESTE REG INSP','REG RESP','EVIDENCIASFOTOGRAFICAS/28052018_100541_15460419397194932368874135818960.JPG','EVIDENCIASFOTOGRAFICAS/28052018_100554_15460419526952074824801899981809.JPG','EVIDENCIASFOTOGRAFICAS/28062018_100603_15460419616871737078031555420185.JPG','EVIDENCIASFOTOGRAFICAS/28062018_100608_15460419672126169426359345881047.JPG','APROVADO 6 MESES','VERIFICAR A','PAULO','02262998051','ASSINATURAS/03.JPG','ENG° PEDRO SILVA','ASSINATURAS/07.PNG','123456789',1,'TESTE','2018-01-02 07:00:16','TESTE','2018-01-02 07:00:16',1),(5,64,'28027230181448787','CORRENTE','2','TESTE FABRICACAO','TESTE MODELO','TESTE CAPACIDADE','TESTE DIMENSAO','NÃO É POSSÍVEL','S.014.18.02.03-0026','TESTE INDUSTRIAL SA','23241758000117','TESTE CONTATO','MANUTENÇÃO','13997421148','OBS02','VISUAL SENSITIVA / DIMENSIONAL','2018-12-31 13:20:34','TESTE CERT FAB','TESTE REG INSP','REG RESP','EVIDENCIASFOTOGRAFICAS/28062018_100630_15460419886325789420262357630876.JPG','EVIDENCIASFOTOGRAFICAS/28062018_100638_15460419971112138730431979220741.JPG','EVIDENCIASFOTOGRAFICAS/28062018_100644_15460420025681490163579769602359.JPG','EVIDENCIASFOTOGRAFICAS/28062018_100649_15460420078041551205944607378717.JPG','REPROVADO/RECOMENDAÇÕES','VERIFICAR A','PAULO','02262998051','ASSINATURAS/03.JPG','ENG° PEDRO SILVA','ASSINATURAS/07.PNG','123456789',1,'TESTE','2018-01-02 07:00:16','TESTE','2018-12-31 13:20:34',1),(6,64,'28027230181448787','CORRENTE','3','TESTE FABRICACAO','TESTE MODELO','TESTE CAPACIDADE','TESTE DIMENSAO','NÃO É POSSÍVEL','S.014.18.02.03-0027','TESTE INDUSTRIAL SA','23241758000117','TESTE CONTATO','MANUTENÇÃO','13997421148','OBS02','VISUAL SENSITIVA / DIMENSIONAL','2018-12-31 13:22:11','TESTE CERT FAB','TESTE REG INSP','REG RESP','EVIDENCIASFOTOGRAFICAS/28072018_100713_15460420320536245576494645094799.JPG','EVIDENCIASFOTOGRAFICAS/28072018_100718_15460420369511376682759125828754.JPG','EVIDENCIASFOTOGRAFICAS/28072018_100724_15460420425218280335421381512056.JPG','EVIDENCIASFOTOGRAFICAS/28072018_100730_1546042049546408777550321914460.JPG','REPROVADO','VERIFICAR A','PAULO','02262998051','ASSINATURAS/03.JPG','ENG° PEDRO SILVA','ASSINATURAS/07.PNG','123456789',1,'TESTE','2018-01-02 07:00:16','TESTE','2018-01-02 07:00:16',1),(7,64,'28027230181448787','GANCHO','4','TESTE FABRICACAO','TESTE MODELO','TESTE CAPACIDADE','TESTE DIMENSAO','NÃO É POSSÍVEL','S.014.18.02.03-0028','TESTE INDUSTRIAL SA','23241758000117','TESTE CONTATO','MANUTENÇÃO','13997421148','OBS02','VISUAL SENSITIVA / DIMENSIONAL','2018-12-31 13:23:57','TESTE CERT FAB','TESTE REG INSP','REG RESP','EVIDENCIASFOTOGRAFICAS/28072018_100753_15460420717898005553190678287201.JPG','EVIDENCIASFOTOGRAFICAS/28072018_100759_15460420783258973403891190680101.JPG','EVIDENCIASFOTOGRAFICAS/28082018_100805_15460420839891822524108843277423.JPG','EVIDENCIASFOTOGRAFICAS/28082018_100811_15460420899728365154283972925007.JPG','APROVADO 3 MESES','VERIFICAR A','PAULO','02262998051','ASSINATURAS/03.JPG','ENG° PEDRO SILVA','ASSINATURAS/07.PNG','123456789',1,'TESTE','2018-12-31 13:23:57','TESTE','2018-12-31 13:23:57',1),(8,62,'369852','CORRENTE','50','TESTE FABRICACAO','TESTE MODELO','TESTE CAPACIDADE','TESTE DIMENSAO','NÃO É POSSÍVEL','B.000/18-0046','BRENDA FERRAGENS LTDA','93950541000161','TESTE CONTATO','MANUTENÇÃO','13997421148','OBS02','VISUAL SENSITIVA / DIMENSIONAL','2018-12-31 13:33:56','TESTE CERT FAB','TESTE REG INSP','REG RESP','EVIDENCIASFOTOGRAFICAS/31322018_013224_15462703434495060111555860323736.JPG','EVIDENCIASFOTOGRAFICAS/31322018_013230_15462703487785136290307514451327.JPG','EVIDENCIASFOTOGRAFICAS/31322018_013236_15462703550427892370270878665514.JPG','EVIDENCIASFOTOGRAFICAS/SEMIMAGEM04.JPG','APROVADO 3 MESES','VERIFICAR A','STEVE JOBS ANTUNES','50193241080','ASSINATURAS/06.JPG','ENG° PEDRO SILVA','ASSINATURAS/07.PNG','123456789',1,'TESTE','2018-12-31 13:33:56','TESTE','2018-12-31 13:33:56',1),(9,64,'28027230181448787','BALANCIM','6','TESTE FABRICACAO','TESTE MODELO','TESTE CAPACIDADE','TESTE DIMENSAO','NÃO É POSSÍVEL','S.014.18.02.03-0029','TESTE INDUSTRIAL SA','23241758000117','TESTE CONTATO','MANUTENÇÃO','(13) 9-9742-1148','OBS02','VISUAL SENSITIVA / DIMENSIONAL','2018-12-31 14:11:52','TESTE CERT FAB','TESTE REG INSP','REG RESP','EVIDENCIASFOTOGRAFICAS/EVIDENCIASFOTOGRAFICAS/28082018_100832_15460421113706688977873191670692.JPG','EVIDENCIASFOTOGRAFICAS/EVIDENCIASFOTOGRAFICAS/28082018_100837_1546042116232211221973438561264.JPG','EVIDENCIASFOTOGRAFICAS/EVIDENCIASFOTOGRAFICAS/28082018_100844_15460421225941816676826337727008.JPG','EVIDENCIASFOTOGRAFICAS/EVIDENCIASFOTOGRAFICAS/28082018_100851_15460421297614878217613358826151.JPG','APROVADO 12 MESES','VERIFICAR A','PAULO','02262998051','ASSINATURAS/03.JPG','ENG° PEDRO SILVA','ASSINATURAS/07.PNG','123456789',1,'TESTE','2018-12-31 14:11:52','MASTER','2019-02-02 13:17:07',1),(10,64,'28027230181448787','CORRENTE','5','TESTE FABRICACAO','TESTE MODELO','TESTE CAPACIDADE','TESTE DIMENSAO','NÃO É POSSÍVEL','S.014.18.02.03-0030','TESTE INDUSTRIAL SA','23241758000117','TESTE CONTATO','MANUTENÇÃO','13997421148','OBS02','VISUAL SENSITIVA / DIMENSIONAL','2018-12-31 14:13:56','TESTE CERT FAB','TESTE REG INSP','REG RESP','EVIDENCIASFOTOGRAFICAS/28102018_101013_15460422125102686445267960173474.JPG','EVIDENCIASFOTOGRAFICAS/28102018_101021_15460422199196345864262087537514.JPG','EVIDENCIASFOTOGRAFICAS/28102018_101026_15460422249488144796690986660297.JPG','EVIDENCIASFOTOGRAFICAS/28102018_101031_15460422301335770286044312286106.JPG','APROVADO 12 MESES','VERIFICAR A','PAULO','02262998051','ASSINATURAS/03.JPG','ENG° PEDRO SILVA','ASSINATURAS/07.PNG','123456789',1,'TESTE','2018-12-31 14:13:56','TESTE','2018-12-31 14:13:56',1),(11,64,'28027230181448787','BALANCIM','7','TESTE FABRICACAO','TESTE MODELO','TESTE CAPACIDADE','TESTE DIMENSAO','NÃO É POSSÍVEL','S.014.18.02.03-0031','TESTE INDUSTRIAL SA','23241758000117','TESTE CONTATO','MANUTENÇÃO','13997421148','OBS02','VISUAL SENSITIVA / DIMENSIONAL','2018-12-31 14:15:38','TESTE CERT FAB','TESTE REG INSP','REG RESP','EVIDENCIASFOTOGRAFICAS/28102018_101054_15460422528935089901880902899659.JPG','EVIDENCIASFOTOGRAFICAS/28112018_101100_15460422586156565133104291395926.JPG','EVIDENCIASFOTOGRAFICAS/28112018_101105_15460422639451549419703963428712.JPG','EVIDENCIASFOTOGRAFICAS/28112018_101116_15460422747675488738070057621865.JPG','APROVADO 12 MESES','VERIFICAR A','PAULO','02262998051','ASSINATURAS/03.JPG','ENG° PEDRO SILVA','ASSINATURAS/07.PNG','123456789',1,'TESTE','2018-12-31 14:15:38','TESTE','2018-12-31 14:15:38',1),(12,61,'28027230181448787','LAÇO DE CABO DE AÇO','8','TESTE FABRICACAO','TESTE MODELO','TESTE CAPACIDADE','TESTE DIMENSAO','NÃO É POSSÍVEL','F.000/18-0034','TESTE INDUSTRIAL SA','23241758000117','TESTE CONTATO','MANUTENÇÃO','13997421148','OBS02','VISUAL SENSITIVA / DIMENSIONAL','2018-12-31 14:16:55','TESTE CERT FAB','TESTE REG INSP','REG RESP','EVIDENCIASFOTOGRAFICAS/28112018_101150_15460423094656204722874822023282.JPG','EVIDENCIASFOTOGRAFICAS/28112018_101156_15460423152906622754622890606649.JPG','EVIDENCIASFOTOGRAFICAS/28122018_101229_15460423484791826381087544319688.JPG','EVIDENCIASFOTOGRAFICAS/28122018_101246_15460423648578972154235658925115.JPG','REPROVADO/RECOMENDAÇÕES','VERIFICAR A','STEVE JOBS ANTUNES','50193241080','ASSINATURAS/06.JPG','ENG° PEDRO SILVA','ASSINATURAS/07.PNG','123456789',1,'TESTE','2018-01-02 14:16:55','TESTE','2018-01-02 14:16:55',1),(13,61,'28027230181448787','A','9','TESTE FABRICACAO','TESTE MODELO','TESTE CAPACIDADE','TESTE DIMENSAO','NÃO É POSSÍVEL','F.000/18-0035','TESTE INDUSTRIAL SA','23241758000117','TESTE CONTATO','MANUTENÇÃO','13997421148','OBS02','VISUAL SENSITIVA / DIMENSIONAL','2018-12-31 14:18:23','TESTE CERT FAB','TESTE REG INSP','REG RESP','EVIDENCIASFOTOGRAFICAS/28142018_101401_15460424398016654493902182369517.JPG','EVIDENCIASFOTOGRAFICAS/28142018_101411_15460424498056226899269985028250.JPG','EVIDENCIASFOTOGRAFICAS/28142018_101418_15460424565735969306602336562630.JPG','EVIDENCIASFOTOGRAFICAS/28142018_101435_15460424739977491079689620275615.JPG','REPROVADO/RECOMENDAÇÕES','VERIFICAR A','STEVE JOBS ANTUNES','50193241080','ASSINATURAS/06.JPG','ENG° PEDRO SILVA','ASSINATURAS/07.PNG','123456789',1,'TESTE','2018-01-02 14:16:55','TESTE','2018-01-02 14:16:55',1),(14,64,'28027230181448787','CORRENTE','IPS 669','N/C','FIXO','N/C','M20','N.A.','S.014.18.02.03-0032','TESTE INDUSTRIAL SA','23241758000117','TESTE CONTATO','MANUTENÇÃO','(13) 9-9742-1148','N.A.','VISUAL SENSITIVA / DIMENSIONAL','2018-12-31 14:51:36','N/C','N/C','TESTE','EVIDENCIASFOTOGRAFICAS/31122018_142012-06.JPG','EVIDENCIASFOTOGRAFICAS/SEMIMAGEM02.JPG','EVIDENCIASFOTOGRAFICAS/SEMIMAGEM03.JPG','EVIDENCIASFOTOGRAFICAS/SEMIMAGEM04.JPG','APROVADO 3 MESES','N.A.','PAULO','02262998051','ASSINATURAS/03.JPG','ENG° PEDRO SILVA','ASSINATURAS/07.PNG','123456789',1,'MASTER','2018-12-31 14:51:36','MASTER','2018-12-31 14:51:36',1),(15,61,'28027230181448787','B','10','TESTE FABRICACAO','TESTE MODELO','TESTE CAPACIDADE','TESTE DIMENSAO','NÃO É POSSÍVEL','F.000/18-0036','TESTE INDUSTRIAL SA','23241758000117','TESTE CONTATO','MANUTENÇÃO','13997421148','OBS02','VISUAL SENSITIVA / DIMENSIONAL','2018-12-31 14:58:11','TESTE CERT FAB','TESTE REG INSP','REG RESP','EVIDENCIASFOTOGRAFICAS/28152018_101524_15460425235278526961655279599715.JPG','EVIDENCIASFOTOGRAFICAS/28152018_101533_15460425320021459453571522701465.JPG','EVIDENCIASFOTOGRAFICAS/28152018_101541_15460425397677425927747981094522.JPG','EVIDENCIASFOTOGRAFICAS/28152018_101556_15460425546407322518906194700671.JPG','APROVADO 3 MESES','VERIFICAR A','STEVE JOBS ANTUNES','50193241080','ASSINATURAS/06.JPG','ENG° PEDRO SILVA','ASSINATURAS/07.PNG','123456789',1,'TESTE','2018-01-02 14:16:55','TESTE','2018-01-02 14:16:55',1),(16,61,'28027230181448787','A','11','TESTE FABRICACAO','TESTE MODELO','TESTE CAPACIDADE','TESTE DIMENSAO','NÃO É POSSÍVEL','F.000/18-0037','TESTE INDUSTRIAL SA','23241758000117','TESTE CONTATO','MANUTENÇÃO','13997421148','OBS02','VISUAL SENSITIVA / DIMENSIONAL','2018-12-31 14:59:31','TESTE CERT FAB','TESTE REG INSP','REG RESP','EVIDENCIASFOTOGRAFICAS/28172018_101722_15460426413885836180969931670595.JPG','EVIDENCIASFOTOGRAFICAS/28172018_101729_15460426484666543793361744235263.JPG','EVIDENCIASFOTOGRAFICAS/28172018_101738_15460426565111890962842325005547.JPG','EVIDENCIASFOTOGRAFICAS/28172018_101745_15460426639893646474909671327654.JPG','APROVADO 6 MESES','VERIFICAR A','STEVE JOBS ANTUNES','50193241080','ASSINATURAS/06.JPG','ENG° PEDRO SILVA','ASSINATURAS/07.PNG','123456789',1,'TESTE','2018-01-02 14:16:55','TESTE','2018-01-02 14:16:55',1),(17,61,'28027230181448787','GANCHO','12','TESTE FABRICACAO','TESTE MODELO','TESTE CAPACIDADE','TESTE DIMENSAO','NÃO É POSSÍVEL','F.000/18-0038','TESTE INDUSTRIAL SA','23241758000117','TESTE CONTATO','MANUTENÇÃO','(13) 9-9742-1148','OBS02','VISUAL SENSITIVA / DIMENSIONAL','2018-12-31 15:01:01','TESTE CERT FAB','TESTE REG INSP','REG RESP','EVIDENCIASFOTOGRAFICAS/EVIDENCIASFOTOGRAFICAS/28182018_101811_15460426897538605415346889503452.JPG','EVIDENCIASFOTOGRAFICAS/EVIDENCIASFOTOGRAFICAS/28182018_101819_15460426978974353780294226786061.JPG','EVIDENCIASFOTOGRAFICAS/EVIDENCIASFOTOGRAFICAS/28182018_101825_15460427042177442547938713987114.JPG','EVIDENCIASFOTOGRAFICAS/EVIDENCIASFOTOGRAFICAS/28182018_101831_1546042709943531845157607798046.JPG','APROVADO 12 MESES','VERIFICAR A','STEVE JOBS ANTUNES','50193241080','ASSINATURAS/06.JPG','ENG° PEDRO SILVA','ASSINATURAS/07.PNG','123456789',1,'TESTE','2018-01-02 14:16:55','MASTER','2019-02-02 13:55:35',1),(18,63,'554141G14','BALANCIM','13','TESTE FABRICACAO','TESTE MODELO','TESTE CAPACIDADE','TESTE DIMENSAO','NÃO É POSSÍVEL','B.001/18-0014','BRENDA FERRAGENS LTDA','93950541000161','TESTE CONTATO','MANUTENÇÃO','13997421148','OBS02','VISUAL SENSITIVA / DIMENSIONAL','2018-12-31 15:01:22','TESTE CERT FAB','TESTE REG INSP','REG RESP','EVIDENCIASFOTOGRAFICAS/28192018_101934_15460427730811274562451130414637.JPG','EVIDENCIASFOTOGRAFICAS/SEMIMAGEM02.JPG','EVIDENCIASFOTOGRAFICAS/SEMIMAGEM03.JPG','EVIDENCIASFOTOGRAFICAS/SEMIMAGEM04.JPG','APROVADO 12 MESES','VERIFICAR A','PAULO','02262998051','ASSINATURAS/03.JPG','ENG° PEDRO SILVA','ASSINATURAS/07.PNG','123456789',1,'TESTE','2018-01-02 07:00:16','TESTE','2018-12-31 15:01:22',1),(19,63,'554141G14','LINGA','14','TESTE FABRICACAO','TESTE MODELO','TESTE CAPACIDADE','TESTE DIMENSAO','NÃO É POSSÍVEL','B.001/18-0015','BRENDA FERRAGENS LTDA','93950541000161','TESTE CONTATO','MANUTENÇÃO','13997421148','OBS02','VISUAL SENSITIVA / DIMENSIONAL','2018-12-31 15:02:49','TESTE CERT FAB','TESTE REG INSP','REG RESP','EVIDENCIASFOTOGRAFICAS/28192018_101958_15460427973894929368549513662380.JPG','EVIDENCIASFOTOGRAFICAS/28202018_102007_15460428058158516330690067202118.JPG','EVIDENCIASFOTOGRAFICAS/28202018_102014_1546042813026829399796944210271.JPG','EVIDENCIASFOTOGRAFICAS/28202018_102023_15460428224238892983409022044625.JPG','APROVADO 12 MESES','VERIFICAR A LINGA','PAULO','02262998051','ASSINATURAS/03.JPG','ENG° PEDRO SILVA','ASSINATURAS/07.PNG','123456789',1,'TESTE','2018-12-31 15:02:49','TESTE','2018-12-31 15:02:49',1),(20,63,'554141G14','CINTA','15','TESTE FABRICACAO','TESTE MODELO','TESTE CAPACIDADE','TESTE DIMENSAO','NÃO É POSSÍVEL','B.001/18-0016','BRENDA FERRAGENS LTDA','93950541000161','TESTE CONTATO','MANUTENÇÃO','13997421148','OBS02','VISUAL SENSITIVA / DIMENSIONAL','2018-12-31 15:04:02','TESTE CERT FAB','TESTE REG INSP','REG RESP','EVIDENCIASFOTOGRAFICAS/28202018_102057_15460428561796571135598837064423.JPG','EVIDENCIASFOTOGRAFICAS/28212018_102103_15460428617386258972773713966147.JPG','EVIDENCIASFOTOGRAFICAS/28212018_102109_15460428678304900472191936392303.JPG','EVIDENCIASFOTOGRAFICAS/SEMIMAGEM04.JPG','REPROVADO','VERIFICAR A','PAULO','02262998051','ASSINATURAS/03.JPG','ENG° PEDRO SILVA','ASSINATURAS/07.PNG','123456789',1,'TESTE','2018-12-31 15:04:02','TESTE','2018-12-31 15:04:02',1),(21,64,'28027230181448787','BALANCIM','16','TESTE FABRICACAO','TESTE MODELO','TESTE CAPACIDADE','TESTE DIMENSAO','NÃO É POSSÍVEL','S.014.18.02.03-0033','TESTE INDUSTRIAL SA','23241758000117','TESTE CONTATO','MANUTENÇÃO','(13) 9-9742-1148','OBS02','VISUAL SENSITIVA / DIMENSIONAL','2018-12-31 15:05:30','TESTE CERT FAB','TESTE REG INSP','REG RESP','EVIDENCIASFOTOGRAFICAS/EVIDENCIASFOTOGRAFICAS/28342018_113448_15460472870334636397408056609957.JPG','EVIDENCIASFOTOGRAFICAS/EVIDENCIASFOTOGRAFICAS/28342018_113455_15460472935897058620549465020353.JPG','EVIDENCIASFOTOGRAFICAS/EVIDENCIASFOTOGRAFICAS/28352018_113503_15460473016671883595598947223097.JPG','EVIDENCIASFOTOGRAFICAS/EVIDENCIASFOTOGRAFICAS/28352018_113509_15460473080502122326900373553082.JPG','APROVADO 6 MESES','VERIFICAR A','PAULO','02262998051','ASSINATURAS/03.JPG','ENG° PEDRO SILVA','ASSINATURAS/07.PNG','123456789',1,'TESTE','2018-12-31 15:05:30','MASTER','2019-02-02 13:16:50',1),(22,64,'28027230181448787','CORRENTE','17','TESTE FABRICACAO','TESTE MODELO','TESTE CAPACIDADE','TESTE DIMENSAO','NÃO É POSSÍVEL','S.014.18.02.03-0034','TESTE INDUSTRIAL SA','23241758000117','TESTE CONTATO','MANUTENÇÃO','13997421148','OBS02','VISUAL SENSITIVA / DIMENSIONAL','2018-12-31 15:07:03','TESTE CERT FAB','TESTE REG INSP','REG RESP','EVIDENCIASFOTOGRAFICAS/28362018_113651_15460474100171384056228104020176.JPG','EVIDENCIASFOTOGRAFICAS/28362018_113658_1546047417259735986031163788747.JPG','EVIDENCIASFOTOGRAFICAS/28372018_113712_15460474306324407642749852983278.JPG','EVIDENCIASFOTOGRAFICAS/28372018_113717_15460474361688521282766932405991.JPG','APROVADO 12 MESES','VERIFICAR A','PAULO','02262998051','ASSINATURAS/03.JPG','ENG° PEDRO SILVA','ASSINATURAS/07.PNG','123456789',1,'TESTE','2018-12-31 15:07:03','TESTE','2018-12-31 15:07:03',1),(23,64,'28027230181448787','BALANCIM','IPS 987','TEFH','FIXO','56 TN','DSG','N.A.','S.014.18.02.03-0035','TESTE INDUSTRIAL SA','23241758000117','TESTE CONTATO','MANUTENÇÃO','(13) 9-9742-1148','N.A.','VISUAL SENSITIVA / DIMENSIONAL','2018-12-31 15:08:10','CERTIFICADO TESTE','9098','977K','EVIDENCIASFOTOGRAFICAS/EVIDENCIASFOTOGRAFICAS/31122018_150730-04.JPG','EVIDENCIASFOTOGRAFICAS/EVIDENCIASFOTOGRAFICAS/SEMIMAGEM02.JPG','EVIDENCIASFOTOGRAFICAS/EVIDENCIASFOTOGRAFICAS/SEMIMAGEM03.JPG','EVIDENCIASFOTOGRAFICAS/EVIDENCIASFOTOGRAFICAS/SEMIMAGEM04.JPG','APROVADO 12 MESES','N.A.','PAULO','02262998051','ASSINATURAS/03.JPG','ENG° PEDRO SILVA','ASSINATURAS/07.PNG','123456789',1,'MASTER','2018-12-31 15:08:10','MASTER','2019-02-02 13:16:29',1),(24,62,'369852','CORRENTE','18','TESTE FABRICACAO','TESTE MODELO','TESTE CAPACIDADE','TESTE DIMENSAO','NÃO É POSSÍVEL','B.000/18-0047','BRENDA FERRAGENS LTDA','93950541000161','TESTE CONTATO','MANUTENÇÃO','13997421148','OBS02','VISUAL SENSITIVA / DIMENSIONAL','2018-12-31 15:08:47','TESTE CERT FAB','TESTE REG INSP','REG RESP','EVIDENCIASFOTOGRAFICAS/29052018_110540_15460887388329134285214766630387.JPG','EVIDENCIASFOTOGRAFICAS/29052018_110546_15460887453697013207045883779368.JPG','EVIDENCIASFOTOGRAFICAS/29052018_110553_15460887519231456059008173456299.JPG','EVIDENCIASFOTOGRAFICAS/29062018_110603_15460887625164828743373188189029.JPG','APROVADO 3 MESES','VERIFICAR A','STEVE JOBS ANTUNES','50193241080','ASSINATURAS/06.JPG','ENG° PEDRO SILVA','ASSINATURAS/07.PNG','123456789',1,'TESTE','2018-12-31 15:08:47','TESTE','2018-12-31 15:08:47',1),(25,62,'369852','CORRENTE','19','TESTE FABRICACAO','TESTE MODELO','TESTE CAPACIDADE','TESTE DIMENSAO','NÃO É POSSÍVEL','B.000/18-0048','BRENDA FERRAGENS LTDA','93950541000161','TESTE CONTATO','MANUTENÇÃO','13997421148','OBS02','VISUAL SENSITIVA / DIMENSIONAL','2018-12-31 15:10:17','TESTE CERT FAB','TESTE REG INSP','REG RESP','EVIDENCIASFOTOGRAFICAS/29062018_110630_15460887887903642909127746616830.JPG','EVIDENCIASFOTOGRAFICAS/29062018_110635_15460887940585814959342104633206.JPG','EVIDENCIASFOTOGRAFICAS/29062018_110641_15460888004244701916389773735941.JPG','EVIDENCIASFOTOGRAFICAS/29062018_110647_15460888056834220703907945346288.JPG','APROVADO 12 MESES','VERIFICAR A','STEVE JOBS ANTUNES','50193241080','ASSINATURAS/06.JPG','ENG° PEDRO SILVA','ASSINATURAS/07.PNG','123456789',1,'TESTE','2018-12-31 15:10:17','TESTE','2018-12-31 15:10:17',1),(26,62,'369852','LINGA DE CABO DE AÇO','20','TESTE FABRICACAO','TESTE MODELO','TESTE CAPACIDADE','TESTE DIMENSAO','NÃO É POSSÍVEL','B.000/18-0049','BRENDA FERRAGENS LTDA','93950541000161','TESTE CONTATO','MANUTENÇÃO','13997421148','OBS02','VISUAL SENSITIVA / DIMENSIONAL','2018-12-31 15:14:08','TESTE CERT FAB','TESTE REG INSP','REG RESP','EVIDENCIASFOTOGRAFICAS/29072018_110708_15460888271033043709931405439916.JPG','EVIDENCIASFOTOGRAFICAS/29072018_110717_15460888355095156758485882576348.JPG','EVIDENCIASFOTOGRAFICAS/29072018_110722_15460888412933374597965132576760.JPG','EVIDENCIASFOTOGRAFICAS/29072018_110728_15460888466917483606349316816628.JPG','APROVADO 12 MESES','VERIFICAR A','STEVE JOBS ANTUNES','50193241080','ASSINATURAS/06.JPG','ENG° PEDRO SILVA','ASSINATURAS/07.PNG','123456789',1,'TESTE','2018-12-31 15:14:08','TESTE','2018-12-31 15:14:08',1),(27,61,'28027230181448787','A','21','TESTE FABRICACAO','TESTE MODELO','TESTE CAPACIDADE','TESTE DIMENSAO','NÃO É POSSÍVEL','F.000/18-0039','TESTE INDUSTRIAL SA','23241758000117','TESTE CONTATO','MANUTENÇÃO','(13) 9-9742-1148','OBS02','VISUAL SENSITIVA / DIMENSIONAL','2018-12-31 15:16:19','TESTE CERT FAB','TESTE REG INSP','REG RESP','EVIDENCIASFOTOGRAFICAS/EVIDENCIASFOTOGRAFICAS/29082018_110828_15460889069531947462728439832920.JPG','EVIDENCIASFOTOGRAFICAS/EVIDENCIASFOTOGRAFICAS/29082018_110834_15460889127541720218407184489606.JPG','EVIDENCIASFOTOGRAFICAS/EVIDENCIASFOTOGRAFICAS/29082018_110843_15460889223307315156079834871173.JPG','EVIDENCIASFOTOGRAFICAS/EVIDENCIASFOTOGRAFICAS/29082018_110848_15460889275265026401656667315801.JPG','APROVADO 12 MESES','VERIFICAR A','STEVE JOBS ANTUNES','50193241080','ASSINATURAS/06.JPG','ENG° PEDRO SILVA','ASSINATURAS/07.PNG','123456789',1,'TESTE','2018-12-31 15:16:19','MASTER','2019-02-02 13:55:25',1),(28,61,'28027230181448787','B','22','TESTE FABRICACAO','TESTE MODELO','TESTE CAPACIDADE','TESTE DIMENSAO','NÃO É POSSÍVEL','F.000/18-0040','TESTE INDUSTRIAL SA','23241758000117','TESTE CONTATO','MANUTENÇÃO','(13) 9-9742-1148','OBS02','VISUAL SENSITIVA / DIMENSIONAL','2018-12-31 15:18:03','TESTE CERT FAB','TESTE REG INSP','REG RESP','EVIDENCIASFOTOGRAFICAS/EVIDENCIASFOTOGRAFICAS/EVIDENCIASFOTOGRAFICAS/29092018_110910_15460889488256240315002134139308.JPG','EVIDENCIASFOTOGRAFICAS/EVIDENCIASFOTOGRAFICAS/EVIDENCIASFOTOGRAFICAS/29092018_110915_15460889541301616126251289615958.JPG','EVIDENCIASFOTOGRAFICAS/EVIDENCIASFOTOGRAFICAS/EVIDENCIASFOTOGRAFICAS/29092018_110923_15460889620508717185090178420870.JPG','EVIDENCIASFOTOGRAFICAS/EVIDENCIASFOTOGRAFICAS/EVIDENCIASFOTOGRAFICAS/29092018_110929_15460889675994441222921320181260.JPG','APROVADO 12 MESES','VERIFICAR A','STEVE JOBS ANTUNES','50193241080','ASSINATURAS/06.JPG','ENG° PEDRO SILVA','ASSINATURAS/07.PNG','123456789',1,'TESTE','2018-12-31 15:18:03','MASTER','2019-02-02 13:55:03',1),(29,61,'28027230181448787','GANCHO','23','TESTE FABRICACAO','TESTE MODELO','TESTE CAPACIDADE','TESTE DIMENSAO','NÃO É POSSÍVEL','F.000/18-0041','TESTE INDUSTRIAL SA','23241758000117','TESTE CONTATO','MANUTENÇÃO','13997421148','OBS02','VISUAL SENSITIVA / DIMENSIONAL','2018-12-31 15:19:52','TESTE CERT FAB','TESTE REG INSP','REG RESP','EVIDENCIASFOTOGRAFICAS/29092018_110947_15460889858445787283788025447285.JPG','EVIDENCIASFOTOGRAFICAS/29092018_110952_15460889908745453418426502407282.JPG','EVIDENCIASFOTOGRAFICAS/29092018_110958_15460889973933906756471540702468.JPG','EVIDENCIASFOTOGRAFICAS/29102018_111004_15460890026691710351404817572053.JPG','APROVADO 3 MESES','VERIFICAR A','STEVE JOBS ANTUNES','50193241080','ASSINATURAS/06.JPG','ENG° PEDRO SILVA','ASSINATURAS/07.PNG','123456789',1,'TESTE','2018-12-31 15:19:52','TESTE','2018-12-31 15:19:52',1),(30,62,'369852','CORRENTE','24','TESTE FABRICACAO','TESTE MODELO','TESTE CAPACIDADE','TESTE DIMENSAO','NÃO É POSSÍVEL','B.000/18-0050','BRENDA FERRAGENS LTDA','93950541000161','TESTE CONTATO','MANUTENÇÃO','13997421148','OBS02','VISUAL SENSITIVA / DIMENSIONAL','2018-12-31 15:21:37','TESTE CERT FAB','TESTE REG INSP','REG RESP','EVIDENCIASFOTOGRAFICAS/29452018_084504_15461235026835103408672449367627.JPG','EVIDENCIASFOTOGRAFICAS/29452018_084510_15461235088032182716108217581714.JPG','EVIDENCIASFOTOGRAFICAS/29452018_084517_15461235157105197012227197733360.JPG','EVIDENCIASFOTOGRAFICAS/29452018_084524_15461235226626188045392253872300.JPG','APROVADO 3 MESES','VERIFICAR A','STEVE JOBS ANTUNES','50193241080','ASSINATURAS/06.JPG','ENG° PEDRO SILVA','ASSINATURAS/07.PNG','123456789',1,'TESTE','2018-12-31 15:21:37','TESTE','2018-12-31 15:21:37',1),(31,64,'28027230181448787','BALANCIM','25','TESTE FABRICACAO','TESTE MODELO','TESTE CAPACIDADE','TESTE DIMENSAO','NÃO É POSSÍVEL','S.014.18.02.03-0036','TESTE INDUSTRIAL SA','23241758000117','TESTE CONTATO','MANUTENÇÃO','13997421148','OBS02','VISUAL SENSITIVA / DIMENSIONAL','2018-12-31 15:23:26','TESTE CERT FAB','TESTE REG INSP','REG RESP','EVIDENCIASFOTOGRAFICAS/29462018_084623_15461235822753145584554848990471.JPG','EVIDENCIASFOTOGRAFICAS/29462018_084631_15461235901802071537055604257502.JPG','EVIDENCIASFOTOGRAFICAS/29462018_084639_15461235976658501195936605270376.JPG','EVIDENCIASFOTOGRAFICAS/29472018_084703_15461236219617515522794809617319.JPG','APROVADO 6 MESES','VERIFICAR A','PAULO','02262998051','ASSINATURAS/03.JPG','ENG° PEDRO SILVA','ASSINATURAS/07.PNG','123456789',1,'TESTE','2018-12-31 15:23:26','TESTE','2018-12-31 15:23:26',1),(32,64,'28027230181448787','GANCHO','26','TESTE FABRICACAO','TESTE MODELO','TESTE CAPACIDADE','TESTE DIMENSAO','N.A.','S.014.18.02.03-0037','TESTE INDUSTRIAL SA','23241758000117','TESTE CONTATO','MANUTENÇÃO','(13) 9-9742-1148','N.A.','VISUAL SENSITIVA / DIMENSIONAL','2018-12-31 15:25:14','TESTE CERT FAB','TESTE REG INSP','REG RESP','EVIDENCIASFOTOGRAFICAS/EVIDENCIASFOTOGRAFICAS/29472018_084724_15461236429927908004423874333278.JPG','EVIDENCIASFOTOGRAFICAS/EVIDENCIASFOTOGRAFICAS/29472018_084733_15461236516535763987499413130301.JPG','EVIDENCIASFOTOGRAFICAS/EVIDENCIASFOTOGRAFICAS/29472018_084739_15461236577518245427209410392277.JPG','EVIDENCIASFOTOGRAFICAS/EVIDENCIASFOTOGRAFICAS/29472018_084745_15461236635836151644166416521075.JPG','APROVADO 12 MESES','JDJJDUUU','PAULO','02262998051','ASSINATURAS/03.JPG','ENG° PEDRO SILVA','ASSINATURAS/07.PNG','123456789',1,'TESTE','2018-12-31 15:25:14','MASTER','2019-02-02 13:16:19',1),(33,64,'28027230181448787','GANCHO','27','TESTE FABRICACAO','TESTE MODELO','TESTE CAPACIDADE','TESTE DIMENSAO','NÃO É POSSÍVEL','S.014.18.02.03-0038','TESTE INDUSTRIAL SA','23241758000117','TESTE CONTATO','MANUTENÇÃO','13997421148','OBS02','VISUAL SENSITIVA / DIMENSIONAL','2018-12-31 15:25:38','TESTE CERT FAB','TESTE REG INSP','REG RESP','EVIDENCIASFOTOGRAFICAS/29482018_084824_15461237025324614148578585525652.JPG','EVIDENCIASFOTOGRAFICAS/SEMIMAGEM02.JPG','EVIDENCIASFOTOGRAFICAS/SEMIMAGEM03.JPG','EVIDENCIASFOTOGRAFICAS/SEMIMAGEM04.JPG','APROVADO 6 MESES','VERIFICAR A','PAULO','02262998051','ASSINATURAS/03.JPG','ENG° PEDRO SILVA','ASSINATURAS/07.PNG','123456789',1,'TESTE','2018-12-31 15:25:38','TESTE','2018-12-31 15:25:38',1),(34,64,'28027230181448787','BALANCIM','28','TESTE FABRICACAO','TESTE MODELO','TESTE CAPACIDADE','TESTE DIMENSAO','NÃO É POSSÍVEL','S.014.18.02.03-0039','TESTE INDUSTRIAL SA','23241758000117','TESTE CONTATO','MANUTENÇÃO','(13) 9-9742-1148','OBS02','VISUAL SENSITIVA / DIMENSIONAL','2018-12-31 15:26:05','TESTE CERT FAB','TESTE REG INSP','REG RESP','EVIDENCIASFOTOGRAFICAS/EVIDENCIASFOTOGRAFICAS/29482018_084857_15461237360318706064349958505868.JPG','EVIDENCIASFOTOGRAFICAS/EVIDENCIASFOTOGRAFICAS/SEMIMAGEM02.JPG','EVIDENCIASFOTOGRAFICAS/EVIDENCIASFOTOGRAFICAS/SEMIMAGEM03.JPG','EVIDENCIASFOTOGRAFICAS/EVIDENCIASFOTOGRAFICAS/SEMIMAGEM04.JPG','APROVADO 12 MESES','N.A.','PAULO','02262998051','ASSINATURAS/03.JPG','ENG° PEDRO SILVA','ASSINATURAS/07.PNG','123456789',1,'TESTE','2018-12-31 15:26:05','MASTER','2019-02-02 13:16:05',1),(35,64,'28027230181448787','CORRENTE','29','TESTE FABRICACAO','TESTE MODELO','TESTE CAPACIDADE','TESTE DIMENSAO','NÃO É POSSÍVEL','S.014.18.02.03-0040','TESTE INDUSTRIAL SA','23241758000117','TESTE CONTATO','MANUTENÇÃO','13997421148','OBS02','VISUAL SENSITIVA / DIMENSIONAL','2018-12-31 15:27:47','TESTE CERT FAB','TESTE REG INSP','REG RESP','EVIDENCIASFOTOGRAFICAS/29492018_084921_15461237605045700341958448435898.JPG','EVIDENCIASFOTOGRAFICAS/29492018_084927_15461237659524236626062454456807.JPG','EVIDENCIASFOTOGRAFICAS/29492018_084934_15461237728661129821795270094029.JPG','EVIDENCIASFOTOGRAFICAS/29492018_084941_15461237797548456039851889960664.JPG','APROVADO 12 MESES','VERIFICAR A','PAULO','02262998051','ASSINATURAS/03.JPG','ENG° PEDRO SILVA','ASSINATURAS/07.PNG','123456789',1,'TESTE','2018-12-31 15:27:47','TESTE','2018-12-31 15:27:47',1),(36,62,'369852','CORRENTE','30','TESTE FABRICACAO','TESTE MODELO','TESTE CAPACIDADE','TESTE DIMENSAO','NÃO É POSSÍVEL','B.000/18-0051','BRENDA FERRAGENS LTDA','93950541000161','TESTE CONTATO','MANUTENÇÃO','13997421148','OBS02','VISUAL SENSITIVA / DIMENSIONAL','2018-12-31 15:29:36','TESTE CERT FAB','TESTE REG INSP','REG RESP','EVIDENCIASFOTOGRAFICAS/29502018_085049_15461238478646999020948636649167.JPG','EVIDENCIASFOTOGRAFICAS/29502018_085057_15461238561426047132674002147676.JPG','EVIDENCIASFOTOGRAFICAS/29512018_085107_15461238655866647451600725653009.JPG','EVIDENCIASFOTOGRAFICAS/29512018_085116_1546123875278165660630405525021.JPG','APROVADO 3 MESES','VERIFICAR A','STEVE JOBS ANTUNES','50193241080','ASSINATURAS/06.JPG','ENG° PEDRO SILVA','ASSINATURAS/07.PNG','123456789',1,'TESTE','2018-12-31 15:29:36','TESTE','2018-12-31 15:29:36',1),(37,61,'28027230181448787','A','31','TESTE FABRICACAO','TESTE MODELO','TESTE CAPACIDADE','TESTE DIMENSAO','NÃO É POSSÍVEL','F.000/18-0042','TESTE INDUSTRIAL SA','23241758000117','TESTE CONTATO','MANUTENÇÃO','(13) 9-9742-1148','OBS02','VISUAL SENSITIVA / DIMENSIONAL','2018-12-31 15:31:33','TESTE CERT FAB','TESTE REG INSP','REG RESP','EVIDENCIASFOTOGRAFICAS/EVIDENCIASFOTOGRAFICAS/29342018_113408_15461336466722240557555870836499.JPG','EVIDENCIASFOTOGRAFICAS/EVIDENCIASFOTOGRAFICAS/29342018_113413_15461336523425870939054738835177.JPG','EVIDENCIASFOTOGRAFICAS/EVIDENCIASFOTOGRAFICAS/29342018_113420_15461336587322153065998114407125.JPG','EVIDENCIASFOTOGRAFICAS/EVIDENCIASFOTOGRAFICAS/29342018_113427_15461336662837722092649463119527.JPG','APROVADO 12 MESES','VERIFICAR A','STEVE JOBS ANTUNES','50193241080','ASSINATURAS/06.JPG','ENG° PEDRO SILVA','ASSINATURAS/07.PNG','123456789',1,'TESTE','2018-12-31 15:31:33','MASTER','2019-02-02 13:54:40',1),(38,61,'28027230181448787','B','32','TESTE FABRICACAO','TESTE MODELO','TESTE CAPACIDADE','TESTE DIMENSAO','NÃO É POSSÍVEL','F.000/18-0043','TESTE INDUSTRIAL SA','23241758000117','TESTE CONTATO','MANUTENÇÃO','13997421148','OBS02','VISUAL SENSITIVA / DIMENSIONAL','2018-12-31 15:33:39','TESTE CERT FAB','TESTE REG INSP','REG RESP','EVIDENCIASFOTOGRAFICAS/29352018_113515_15461337136349108870611186065625.JPG','EVIDENCIASFOTOGRAFICAS/29352018_113506_15461337053241539067776174504016.JPG','EVIDENCIASFOTOGRAFICAS/29352018_113523_15461337216662706764479466770317.JPG','EVIDENCIASFOTOGRAFICAS/29352018_113529_15461337277176631976660972282192.JPG','APROVADO 3 MESES','VERIFICAR A','STEVE JOBS ANTUNES','50193241080','ASSINATURAS/06.JPG','ENG° PEDRO SILVA','ASSINATURAS/07.PNG','123456789',1,'TESTE','2018-10-02 15:33:39','TESTE','2018-10-02 15:33:39',1),(39,61,'28027230181448787','LAÇO DE CABO DE AÇO','33','TESTE FABRICACAO','TESTE MODELO','TESTE CAPACIDADE','TESTE DIMENSAO','NÃO É POSSÍVEL','F.000/18-0044','TESTE INDUSTRIAL SA','23241758000117','TESTE CONTATO','MANUTENÇÃO','13997421148','OBS02','VISUAL SENSITIVA / DIMENSIONAL','2018-12-31 15:35:01','TESTE CERT FAB','TESTE REG INSP','REG RESP','EVIDENCIASFOTOGRAFICAS/29352018_113549_15461337481727759628012872469006.JPG','EVIDENCIASFOTOGRAFICAS/29352018_113554_15461337528343489825657286557425.JPG','EVIDENCIASFOTOGRAFICAS/29352018_113559_1546133757606237626579202141190.JPG','EVIDENCIASFOTOGRAFICAS/SEMIMAGEM04.JPG','APROVADO 6 MESES','VERIFICAR A','STEVE JOBS ANTUNES','50193241080','ASSINATURAS/06.JPG','ENG° PEDRO SILVA','ASSINATURAS/07.PNG','123456789',1,'TESTE','2018-07-02 15:35:01','TESTE','2018-07-02 15:35:01',1),(40,62,'369852','LINGA DE CABO DE AÇO','35','TESTE FABRICACAO','TESTE MODELO','TESTE CAPACIDADE','TESTE DIMENSAO','NÃO É POSSÍVEL','B.000/18-0052','BRENDA FERRAGENS LTDA','93950541000161','TESTE CONTATO','MANUTENÇÃO','13997421148','OBS02','VISUAL SENSITIVA / DIMENSIONAL','2018-12-31 15:37:49','TESTE CERT FAB','TESTE REG INSP','REG RESP','EVIDENCIASFOTOGRAFICAS/30442018_014428_15461414667762314260186062804906.JPG','EVIDENCIASFOTOGRAFICAS/30442018_014436_1546141475251285395692252415287.JPG','EVIDENCIASFOTOGRAFICAS/30442018_014443_15461414824035957156713332529123.JPG','EVIDENCIASFOTOGRAFICAS/30442018_014453_15461414924805639595320334110173.JPG','APROVADO 6 MESES','VERIFICAR A','STEVE JOBS ANTUNES','50193241080','ASSINATURAS/06.JPG','ENG° PEDRO SILVA','ASSINATURAS/07.PNG','123456789',1,'TESTE','2018-12-31 15:37:49','TESTE','2018-12-31 15:37:49',1),(41,63,'554141G14','LINGA','34','TESTE FABRICACAO','TESTE MODELO','TESTE CAPACIDADE','TESTE DIMENSAO','NÃO É POSSÍVEL','B.001/18-0017','BRENDA FERRAGENS LTDA','93950541000161','TESTE CONTATO','MANUTENÇÃO','13997421148','OBS02','VISUAL SENSITIVA / DIMENSIONAL','2018-12-31 15:41:12','TESTE CERT FAB','TESTE REG INSP','REG RESP','EVIDENCIASFOTOGRAFICAS/30262018_112608_1546176366922744542971855842209.JPG','EVIDENCIASFOTOGRAFICAS/30262018_112622_1546176381059668297150321490850.JPG','EVIDENCIASFOTOGRAFICAS/30262018_112630_15461763889186209072533081166750.JPG','EVIDENCIASFOTOGRAFICAS/30262018_112639_15461763985258634236725708360677.JPG','APROVADO 3 MESES','VERIFICAR A','PAULO','02262998051','ASSINATURAS/03.JPG','ENG° PEDRO SILVA','ASSINATURAS/07.PNG','123456789',1,'TESTE','2018-12-31 15:41:12','TESTE','2018-12-31 15:41:12',1),(42,63,'554141G14','CORRENTE','36','TESTE FABRICACAO','TESTE MODELO','TESTE CAPACIDADE','TESTE DIMENSAO','NÃO É POSSÍVEL','B.001/18-0018','BRENDA FERRAGENS LTDA','93950541000161','TESTE CONTATO','MANUTENÇÃO','13997421148','OBS02','VISUAL SENSITIVA / DIMENSIONAL','2018-12-31 15:44:40','TESTE CERT FAB','TESTE REG INSP','REG RESP','EVIDENCIASFOTOGRAFICAS/30272018_112724_15461764427458684233067402390329.JPG','EVIDENCIASFOTOGRAFICAS/30272018_112734_15461764533031384898966057789535.JPG','EVIDENCIASFOTOGRAFICAS/30272018_112741_15461764598376497745098214082331.JPG','EVIDENCIASFOTOGRAFICAS/30272018_112746_15461764654496968123209315503043.JPG','REPROVADO/RECOMENDAÇÕES','VERIFICAR A','PAULO','02262998051','ASSINATURAS/03.JPG','ENG° PEDRO SILVA','ASSINATURAS/07.PNG','123456789',1,'TESTE','2018-12-31 15:44:40','TESTE','2018-12-31 15:44:40',1),(43,62,'369852','CORRENTE','36','TESTE FABRICACAO','TESTE MODELO','TESTE CAPACIDADE','TESTE DIMENSAO','NÃO É POSSÍVEL','B.000/18-0053','BRENDA FERRAGENS LTDA','93950541000161','TESTE CONTATO','MANUTENÇÃO','13997421148','OBS02','VISUAL SENSITIVA / DIMENSIONAL','2018-12-31 15:50:07','TESTE CERT FAB','TESTE REG INSP','REG RESP','EVIDENCIASFOTOGRAFICAS/30122018_011210_15461827290228957129710944294390.JPG','EVIDENCIASFOTOGRAFICAS/30122018_011215_15461827343813534136803942206670.JPG','EVIDENCIASFOTOGRAFICAS/30122018_011223_15461827418775081980446685919025.JPG','EVIDENCIASFOTOGRAFICAS/30132018_011307_15461827864361273641895632721761.JPG','APROVADO 12 MESES','VERIFICAR A','STEVE JOBS ANTUNES','50193241080','ASSINATURAS/06.JPG','ENG° PEDRO SILVA','ASSINATURAS/07.PNG','123456789',1,'TESTE','2018-12-31 15:50:07','TESTE','2018-12-31 15:50:07',1),(44,64,'28027230181448787','CORRENTE','37','TESTE FABRICACAO','TESTE MODELO','TESTE CAPACIDADE','TESTE DIMENSAO','NÃO É POSSÍVEL','S.014.18.02.03-0041','TESTE INDUSTRIAL SA','23241758000117','TESTE CONTATO','MANUTENÇÃO','(13) 9-9742-1148','OBS02','VISUAL SENSITIVA / DIMENSIONAL','2018-12-31 16:06:16','TESTE CERT FAB','TESTE REG INSP','REG RESP','EVIDENCIASFOTOGRAFICAS/EVIDENCIASFOTOGRAFICAS/31112018_121140_15462222984464136989899900834161.JPG','EVIDENCIASFOTOGRAFICAS/EVIDENCIASFOTOGRAFICAS/31112018_121155_15462223135809197309732053825181.JPG','EVIDENCIASFOTOGRAFICAS/EVIDENCIASFOTOGRAFICAS/31122018_121203_15462223216747943494579039844469.JPG','EVIDENCIASFOTOGRAFICAS/EVIDENCIASFOTOGRAFICAS/31122018_121211_15462223296021360188354346208464.JPG','APROVADO 12 MESES','VERIFICAR A','PAULO','02262998051','ASSINATURAS/03.JPG','ENG° PEDRO SILVA','ASSINATURAS/07.PNG','123456789',1,'TESTE','2017-12-26 16:06:16','MASTER','2019-02-02 13:15:37',1);
/*!40000 ALTER TABLE `tb_ordemservicoase` ENABLE KEYS */;
UNLOCK TABLES;

--
-- Table structure for table `tb_responsaveltecnico`
--

DROP TABLE IF EXISTS `tb_responsaveltecnico`;
/*!40101 SET @saved_cs_client     = @@character_set_client */;
/*!40101 SET character_set_client = utf8 */;
CREATE TABLE `tb_responsaveltecnico` (
  `idresponsaveltecnico_int` int(11) NOT NULL AUTO_INCREMENT,
  `nome_str` varchar(100) NOT NULL,
  `caminhoassinatura_str` varchar(150) NOT NULL,
  `crea_str` varchar(20) NOT NULL,
  `cadastradopor_str` varchar(50) NOT NULL,
  `datacadastro_dt` datetime NOT NULL,
  `alteradopor_str` varchar(50) NOT NULL,
  `dataalteracao_dt` datetime NOT NULL,
  `exibir_bool` tinyint(1) NOT NULL DEFAULT '1',
  PRIMARY KEY (`idresponsaveltecnico_int`),
  UNIQUE KEY `caminhoassinatura_str_UNIQUE` (`caminhoassinatura_str`),
  UNIQUE KEY `crea_str_UNIQUE` (`crea_str`)
) ENGINE=InnoDB AUTO_INCREMENT=4 DEFAULT CHARSET=utf8;
/*!40101 SET character_set_client = @saved_cs_client */;

--
-- Dumping data for table `tb_responsaveltecnico`
--

LOCK TABLES `tb_responsaveltecnico` WRITE;
/*!40000 ALTER TABLE `tb_responsaveltecnico` DISABLE KEYS */;
INSERT INTO `tb_responsaveltecnico` VALUES (3,'ENG° PEDRO SILVA','ASSINATURAS/07.PNG','123456789','MASTER','2018-08-15 10:08:56','MASTER','2018-12-22 10:28:19',1);
/*!40000 ALTER TABLE `tb_responsaveltecnico` ENABLE KEYS */;
UNLOCK TABLES;

--
-- Table structure for table `tb_usuarios`
--

DROP TABLE IF EXISTS `tb_usuarios`;
/*!40101 SET @saved_cs_client     = @@character_set_client */;
/*!40101 SET character_set_client = utf8 */;
CREATE TABLE `tb_usuarios` (
  `idusuarios_int` int(11) NOT NULL AUTO_INCREMENT,
  `nome_str` varchar(100) NOT NULL,
  `senha_str` varchar(70) NOT NULL,
  `cliente_bool` tinyint(1) NOT NULL DEFAULT '0',
  `cadastradopor_str` varchar(50) NOT NULL,
  `datacadastro_dt` datetime NOT NULL,
  `alteradopor_str` varchar(50) NOT NULL,
  `dataalteracao_dt` datetime NOT NULL,
  `exibir_bool` tinyint(1) NOT NULL DEFAULT '1',
  `notificacaoatualizacao_bool` tinyint(1) NOT NULL DEFAULT '0',
  PRIMARY KEY (`idusuarios_int`)
) ENGINE=InnoDB AUTO_INCREMENT=12 DEFAULT CHARSET=utf8;
/*!40101 SET character_set_client = @saved_cs_client */;

--
-- Dumping data for table `tb_usuarios`
--

LOCK TABLES `tb_usuarios` WRITE;
/*!40000 ALTER TABLE `tb_usuarios` DISABLE KEYS */;
INSERT INTO `tb_usuarios` VALUES (1,'MASTER','356A192B7913B04C54574D18C28D46E6395428AB',0,'MASTER','2018-04-09 07:00:00','MASTER','2018-04-09 07:00:00',1,1),(2,'ADRIANO','25EEA8DA0FA37FE7B37785E5C53ADB7AF8FF5512',0,'MASTER','2018-05-28 19:32:36','MASTER','2018-05-28 19:32:36',0,0),(3,'TUMA','6DE48F4A2FE26F4D1B5C6AB700EB5B1AC02FFBE7',0,'MASTER','2018-05-28 19:32:46','ADRIANO','2018-08-13 16:33:22',0,0),(4,'ALDREY','356A192B7913B04C54574D18C28D46E6395428AB',0,'ADRIANO','2018-05-29 09:38:13','MASTER','2018-11-19 16:28:37',1,0),(5,'FABIO','960D597291F7363140A68014233D17B9410133AE',0,'ADRIANO','2018-08-13 16:05:19','ADRIANO','2018-08-14 10:19:07',0,0),(6,'INSPETORTESTE','E39D01F51E67995EAB6285713A08C664683A3E66',0,'ADRIANO','2018-08-13 18:13:04','ADRIANO','2018-08-13 18:13:04',0,0),(7,'CFB001','BBE70A8B89EA570E5934D2EC16DB72C2B1AB303B',0,'ADRIANO','2018-08-13 21:04:22','ADRIANO','2018-08-13 21:04:22',0,0),(8,'PEDRO','40BD001563085FC35165329EA1FF5C5ECBDBBEEF',0,'MASTER','2018-08-20 10:05:48','MASTER','2018-12-23 04:52:40',1,0),(10,'FERNANDA','40BD001563085FC35165329EA1FF5C5ECBDBBEEF',0,'MASTER','2018-11-19 15:43:50','MASTER','2018-12-23 04:52:15',1,0),(11,'TESTE','40BD001563085FC35165329EA1FF5C5ECBDBBEEF',0,'MASTER','2018-11-19 15:44:49','MASTER','2018-12-05 04:46:02',1,0);
/*!40000 ALTER TABLE `tb_usuarios` ENABLE KEYS */;
UNLOCK TABLES;
/*!40103 SET TIME_ZONE=@OLD_TIME_ZONE */;

/*!40101 SET SQL_MODE=@OLD_SQL_MODE */;
/*!40014 SET FOREIGN_KEY_CHECKS=@OLD_FOREIGN_KEY_CHECKS */;
/*!40014 SET UNIQUE_CHECKS=@OLD_UNIQUE_CHECKS */;
/*!40101 SET CHARACTER_SET_CLIENT=@OLD_CHARACTER_SET_CLIENT */;
/*!40101 SET CHARACTER_SET_RESULTS=@OLD_CHARACTER_SET_RESULTS */;
/*!40101 SET COLLATION_CONNECTION=@OLD_COLLATION_CONNECTION */;
/*!40111 SET SQL_NOTES=@OLD_SQL_NOTES */;

-- Dump completed on 2019-02-09 14:46:27
